<?xml version="1.0" encoding="UTF-8"?>

<!DOCTYPE hibernate-configuration SYSTEM
"http://www.hibernate.org/dtd/hibernate-configuration-3.0.dtd">

<hibernate-configuration>
<session-factory>
<!--  JDBC Database connection settings  -->
<property name="hibernate.connection.driver_class">com.mysql.cj.jdbc.Driver</property>
<property name="hibernate.connection.url">jdbc:mysql://localhost:3306/Mapping</property>
<property name="hibernate.connection.username">root</property>
<property name="hibernate.connection.password">Ayush@giri06</property>
<!--  Specify dialect  -->
<property name="hibernate.dialect">org.hibernate.dialect.MySQL8Dialect</property>
<!--  Echo all executed SQL to stdout  -->
<property name="hibernate.show_sql">true</property>
<!--  Drop and re-create the database schema on startup  -->
<property name="hibernate.hbm2ddl.auto">create</property>
<!--  Mention the annotated entity class  -->
<mapping class="com.Hibernate.OneToOneMap.Bank"/>
<mapping class="com.Hibernate.OneToOneMap.User"/>
</session-factory>
</hibernate-configuration>